method	lambda_gc
LMM	0.9208870868391261
LR	19.250103971102256
LR+PCs	11.659133693723529
