method	lambda_gc
LMM	0.9088993771777301
LR	10.222769812679847
LR+PCs	5.234898202323086
